run,concurrency,requests,warmup,prompt_type,prompt_mode,max_tokens,success,failed,error_rate,wall_time,throughput,tokens_per_second,avg_prompt_tokens,avg_completion_tokens,p50_latency,p95_latency,p50_ttft,p95_ttft,p50_tpot,p95_tpot,usage_complete,first_error
1,1,20,3,medium,unique,128,20,0,0.0,39.21055613600038,0.510066726180336,65.28854095108301,55.5,128,1.893249922000905,2.4072584966987054,0.02919597850086575,0.06981815609797208,0.01467875159055904,0.017665718357476563,True,
1,2,20,3,medium,unique,128,20,0,0.0,20.588250261000212,0.971427865236585,124.34276675028288,55.5,128,2.103113873499751,2.1823955254487375,0.04117302499980724,0.05443914929983294,0.0161974152834723,0.016811631158660335,True,
1,4,20,3,medium,unique,128,20,0,0.0,10.271798285997647,1.9470787337465225,249.22607791955488,55.5,128,2.0456313680006133,2.0785896386494644,0.05598714250118064,0.0604642045984292,0.015656037984261663,0.015935961730290042,True,
2,1,20,3,medium,unique,128,20,0,0.0,44.11736380399816,0.45333624395271527,58.027039225947554,55.5,128,1.9622661055000208,2.828896823701507,0.03298025950061856,0.03784395290003887,0.015178697736214023,0.021903390130727368,True,
2,2,20,3,medium,unique,128,20,0,0.0,25.46052986900031,0.7855296061356198,100.54778958535934,55.5,128,2.5229640015004406,2.751401197049381,0.044897460502397735,0.07665429934932035,0.019510424385835782,0.02136420626812887,True,
2,4,20,3,medium,unique,128,20,0,0.0,13.795937549999508,1.4497021262611263,185.56187216142416,55.5,128,2.760205998500169,2.7711183655515925,0.06336789150009281,0.07776548064903181,0.021207337551201397,0.021276925671265316,True,
3,1,20,3,medium,unique,128,20,0,0.0,50.797831481002504,0.39371759417485463,50.39585205438139,55.5,128,2.6208123815013096,3.057059705899883,0.03723452600024757,0.04527828865029734,0.020335181425209847,0.023776889569683227,True,
3,2,20,3,medium,unique,128,20,0,0.0,28.779900314999395,0.6949294396817796,88.95096827926778,55.5,128,2.880931273999522,2.941496464049851,0.05826338449878676,0.06124680555276427,0.02222069594881043,0.02270211043584758,True,
3,4,20,3,medium,unique,128,20,0,0.0,15.757410958998662,1.2692440434561683,162.46323756238954,55.5,128,3.0722153360002267,3.4634357252502013,0.07091712899818958,0.08621547130132969,0.023637285551178756,0.026592161479129572,True,
