run,concurrency,requests,warmup,prompt_type,prompt_mode,max_tokens,success,failed,error_rate,wall_time,throughput,tokens_per_second,avg_prompt_tokens,avg_completion_tokens,p50_latency,p95_latency,p50_ttft,p95_ttft,p50_tpot,p95_tpot,usage_complete,first_error
1,1,20,3,medium,unique,128,20,0,0.0,32.08301554602804,0.623382798019934,79.79299814655155,55.5,128,1.602351458510384,1.6131965920038056,0.02878278848947957,0.0347948702838039,0.012388628968230161,0.012472210602956736,True,
1,2,20,3,medium,unique,128,20,0,0.0,18.832181757024955,1.0620118400534986,135.93751552684782,55.5,128,1.8935346349608153,1.8966099694720469,0.040434967988403514,0.046071018293150696,0.014572726617847738,0.014615132471071704,True,
1,4,20,3,medium,unique,128,20,0,0.0,10.196061243012082,1.9615417682693004,251.07734633847045,55.5,128,2.058846581989201,2.0731806226744083,0.049871384020661935,0.05965881168085616,0.015827635244244534,0.015855781976811912,True,
2,1,20,3,medium,unique,128,20,0,0.0,36.242708261997905,0.5518351403383088,70.63489796330353,55.5,128,1.7739191775035579,1.966740371088963,0.03315000800648704,0.0389623564464273,0.013702235130068853,0.015151448146367673,True,
2,2,20,3,medium,unique,128,20,0,0.0,25.077727583993692,0.7975204265623077,102.08261459997539,55.5,128,2.5706733080151025,2.7028043429454556,0.04455725752632134,0.05796757512434851,0.01988343565745873,0.020963249441628588,True,
2,4,20,3,medium,unique,128,20,0,0.0,12.960430183971766,1.5431586541574913,197.5243077321589,55.5,128,2.590188934991602,2.5935459010332127,0.059513649030122906,0.06602713522443082,0.019921056110197385,0.019960525083950513,True,
3,1,20,3,medium,unique,128,20,0,0.0,37.014045488031115,0.5403354250068994,69.16293440088312,55.5,128,1.801470389997121,2.074135444141575,0.03443068650085479,0.03937563218350988,0.013909539448896672,0.016062453405209266,True,
3,2,20,3,medium,unique,128,20,0,0.0,27.6274851920316,0.7239167756668804,92.66134728536069,55.5,128,2.716367909015389,3.118648769639549,0.050947919982718304,0.05840308819897473,0.020995149787196403,0.024128957658705458,True,
3,4,20,3,medium,unique,128,20,0,0.0,13.745877139968798,1.454981722617477,186.23766049503706,55.5,128,2.742408336518565,2.772671076984261,0.062039684009505436,0.07385105802386534,0.021073897913470495,0.02144657985500232,True,
