run,concurrency,requests,warmup,prompt_type,prompt_mode,max_tokens,success,failed,error_rate,wall_time,throughput,tokens_per_second,avg_prompt_tokens,avg_completion_tokens,p50_latency,p95_latency,p50_ttft,p95_ttft,p50_tpot,p95_tpot,usage_complete,first_error
1,1,20,3,medium,unique,128,20,0,0.0,35.03953917000035,0.5707837623938647,73.06032158641469,55.5,128,1.748698011499073,1.7673540433512245,0.030066306004300714,0.036369793052290336,0.013532516114172199,0.01366454878031124,True,
1,2,20,3,medium,unique,128,20,0,0.0,18.86440044500341,1.0601980199851713,135.70534655810192,55.5,128,1.886044501006836,1.8933934070984835,0.03499657900101738,0.042018161847954615,0.014549911472378996,0.014618409770427686,True,
1,4,20,3,medium,unique,128,20,0,0.0,9.798389593997854,2.0411517431651514,261.2674231251394,55.5,128,1.9517433540095226,1.9753493623553366,0.05086127750109881,0.0710689286053821,0.014963361677208615,0.015075632300391504,True,
2,1,20,3,medium,unique,128,20,0,0.0,37.6275797309936,0.5315250181644323,68.03520232504734,55.5,128,1.835055324001587,2.036759299194091,0.030420292998314835,0.03589338784731808,0.014189920488249522,0.015796467632295447,True,
2,2,20,3,medium,unique,128,20,0,0.0,22.284843960005674,0.8974709464375764,114.87628114400978,55.5,128,2.2248156764981104,2.248800735297846,0.044180372497066855,0.057599934146855956,0.01716165633464927,0.017383265833105243,True,
2,4,20,3,medium,unique,128,20,0,0.0,11.65861030999804,1.7154703234954736,219.58020140742062,55.5,128,2.3051028964982834,2.4205767050574654,0.0560719475033693,0.06912696409854106,0.017685253909474154,0.018608076913782082,True,
3,1,20,3,medium,unique,128,20,0,0.0,41.737763630997506,0.4791823581354163,61.33534184133329,55.5,128,2.0870581724957447,2.1016544348465684,0.03569350299949292,0.041795104596531026,0.016138663346440107,0.016228205721317075,True,
3,2,20,3,medium,unique,128,20,0,0.0,23.769095733994618,0.8414287284558306,107.70287724234632,55.5,128,2.3688760774966795,2.4352369425025246,0.041644587501650676,0.05654510719978134,0.018324330047265202,0.01883063951891519,True,
3,4,20,3,medium,unique,128,20,0,0.0,12.1717189780029,1.6431532831266156,210.3236202402068,55.5,128,2.457934785496036,2.4962214781444345,0.06517295849334914,0.07496655204886338,0.018919477228365844,0.019077119001573068,True,
