concurrency,requests,success,failed,wall_time,avg_latency,min_latency,max_latency,p50_latency,p95_latency,throughput,tokens_per_second,first_error
1,5,5,0,2.077216767007485,0.41518354160070886,0.27003660799528006,0.6892297540034633,0.37233672800357454,0.6331810964038594,2.407067032875526,65.47222329421432,
2,5,5,0,0.9351682169944979,0.35045502860157285,0.2892841520078946,0.4741670299990801,0.3223865769978147,0.4483167739992495,5.3466316638404505,118.69522293725801,
