concurrency,requests,success,failed,wall_time,avg_latency,min_latency,max_latency,p50_latency,p95_latency,throughput,tokens_per_second,first_error
1,10,10,0,16.37017503399693,1.6367806936992566,1.6035156909929356,1.8964300160005223,1.608918686499237,1.7686090410476023,0.6108670175628786,78.19097824804847,
2,10,10,0,9.16084168398811,1.8307077595993178,1.7942206580046332,1.8731644960062113,1.827579960503499,1.8730299779526831,1.0916027527774683,139.72515235551595,
4,10,10,0,5.578515082001104,1.8656398638981044,1.799591089002206,1.9017381970043061,1.8781229839951266,1.900584292606072,1.79259172969966,229.4517414015565,
