batch_size,num_requests,avg_ttft,p50_ttft,p95_ttft,avg_tpot,p50_tpot,p95_tpot,avg_latency,p50_latency,p95_latency,throughput,kv_memory_utilization,total_tokens,total_steps
1,16,0.21763,0.230808,0.415119,0.000671,0.000668,0.000691,0.223672,0.236948,0.42104,1139.78,0.0,480,160
2,16,0.212745,0.228794,0.405231,0.00238,0.003462,0.003474,0.234169,0.260025,0.41682,1151.27,0.0,480,80
4,16,0.205782,0.227202,0.391362,0.005777,0.006845,0.009051,0.257778,0.308662,0.413922,1159.34,0.0,480,40
8,16,0.193993,0.226431,0.367748,0.012576,0.013641,0.020221,0.307181,0.408418,0.412535,1163.19,0.0,480,20
16,16,0.171591,0.181699,0.322806,0.026049,0.027137,0.042341,0.406029,0.406374,0.410589,1168.57,0.0,480,10
