concurrency,num_requests,avg_ttft,p50_ttft,p95_ttft,avg_tpot,p50_tpot,p95_tpot,avg_latency,p50_latency,p95_latency,throughput,kv_memory_utilization,total_tokens,total_steps
1,1,0.015187,0.015187,0.015187,0.000673,0.000673,0.000673,0.021244,0.021244,0.021244,1172.41,0.0,25,10
2,2,0.02279,0.030373,0.030373,0.002097,0.002905,0.002905,0.041667,0.041983,0.041983,1188.66,0.0,50,10
4,4,0.038074,0.045664,0.060866,0.004957,0.005768,0.007389,0.082689,0.082983,0.083592,1194.82,0.0,100,10
8,8,0.079772,0.098658,0.14427,0.004935,0.005741,0.007374,0.124191,0.165025,0.166835,1198.01,0.0,200,20
16,16,0.16372,0.182902,0.311925,0.004951,0.005736,0.00742,0.208279,0.24907,0.334366,1195.78,0.0,400,40
32,32,0.330094,0.349207,0.629313,0.004927,0.005704,0.007379,0.374436,0.415135,0.666237,1199.29,0.0,800,80
