prompt_length,num_requests,avg_ttft,p50_ttft,p95_ttft,avg_tpot,p50_tpot,p95_tpot,avg_latency,p50_latency,p95_latency,throughput,kv_memory_utilization,total_tokens,total_steps
8,8,0.048178,0.063558,0.088078,0.003778,0.004173,0.005063,0.082179,0.109123,0.110955,1296.52,0.0,144,20
16,8,0.084156,0.103521,0.152055,0.005081,0.005944,0.007676,0.129883,0.172605,0.174421,1191.66,0.0,208,20
32,8,0.156292,0.183766,0.280305,0.00779,0.009531,0.013068,0.226401,0.30138,0.303161,1107.9,0.0,336,20
64,8,0.300339,0.343701,0.536659,0.013148,0.01662,0.023817,0.41867,0.558055,0.559918,1057.04,0.0,592,20
128,8,0.588998,0.664736,1.049564,0.023797,0.030864,0.045077,0.803172,1.07021,1.072167,1029.54,0.0,1104,20
256,8,1.165724,1.305553,2.074703,0.045132,0.059339,0.087761,1.571913,2.095341,2.097202,1014.61,0.0,2128,20
512,8,2.320167,2.588717,4.126671,0.08787,0.116295,0.173227,3.110999,4.147437,4.149288,1006.39,0.0,4176,20
