{
  "total_requests": 20,
  "total_tokens": 296,
  "total_time": 0.14147400856018066,
  "throughput": 2092.257107948465,
  "ttft": {
    "avg": 0.09615582227706909,
    "p50": 0.096282958984375,
    "p95": 0.09640284776687622,
    "p99": 0.09641680002212524,
    "median": 0.096282958984375
  },
  "tpot": {
    "avg": 0.00252775475695882,
    "p50": 0.0025354235461263947,
    "p95": 0.0033587396144866945,
    "p99": 0.0035057818889617917,
    "median": 0.0025354235461263947
  },
  "latency": {
    "avg": 0.1277894377708435,
    "p50": 0.12504494190216064,
    "p95": 0.14102544784545898,
    "p99": 0.14173791885375975,
    "median": 0.12504494190216064
  },
  "queue_waiting_time": {
    "avg": 0.0021042943000793455,
    "p50": 0.00215756893157959,
    "p95": 0.0027295231819152834,
    "p99": 0.002771017551422119
  },
  "time_breakdown": {
    "scheduler_time": 0,
    "executor_time": 0,
    "prefill_time": 0,
    "decode_time": 0,
    "total_step_time": 0
  },
  "batch_stats": {
    "avg": 0,
    "peak": 0
  },
  "queue_stats": {
    "avg": 0,
    "peak": 0
  },
  "gpu_occupancy": 1.0,
  "admission_rate": 1.0,
  "total_steps": 25,
  "kv_stats": {
    "memory_utilization": 0.0,
    "peak_shared_blocks": 0,
    "prefix_cache_hits": 0,
    "prefix_cache_hit_rate": 0.0
  }
}